Q1,Subject number:
Q2,Age (in years):
Q3,I describe my gender as (please tick):
1,Male
2,Female
3,I describe my gender in a different way
4,I prefer not to say
Q4,Are you a student?
1,Yes
2,No
3,I prefer not to say
Q5,"If yes, what is your programme (e.g. Psychology BSc) and year of study (e.g. 1st, 2nd or 3rd)? "
Q6,"Below are a number of statements. Each statement asks you to think about your life over the last 2 weeks.  For each statement, select how appropriately it describes your life right now. Select “Completely true” if the statement describes you perfectly, “Completely untrue” if the statement does not describe you at all over the last 2 weeks, and use the answers in between accordingly. "
Q6_1,I feel sad or upset when I hear bad news.
1,Completely UNTRUE
2,Mostly untrue
3,Neither true nor untrue
4,Quite true
5,Completely TRUE
Q6_2,I start conversations with random people.
1,Completely UNTRUE
2,Mostly untrue
3,Neither true nor untrue
4,Quite true
5,Completely TRUE
Q6_3,I enjoy doing things with people I have just met.
1,Completely UNTRUE
2,Mostly untrue
3,Neither true nor untrue
4,Quite true
5,Completely TRUE
Q6_4,I suggest activities for me and my friends to do.
1,Completely UNTRUE
2,Mostly untrue
3,Neither true nor untrue
4,Quite true
5,Completely TRUE
Q6_5,I make decisions firmly and without hesitation.
1,Completely UNTRUE
2,Mostly untrue
3,Neither true nor untrue
4,Quite true
5,Completely TRUE
Q6_6,"After making a decision, I will wonder if I have made the wrong choice."
1,Completely UNTRUE
2,Mostly untrue
3,Neither true nor untrue
4,Quite true
5,Completely TRUE
Q6_7,"Based on the last two weeks, I would say I care deeply about how my loved ones think of me."
1,Completely UNTRUE
2,Mostly untrue
3,Neither true nor untrue
4,Quite true
5,Completely TRUE
Q6_8,I go out with friends on a weekly basis.
1,Completely UNTRUE
2,Mostly untrue
3,Neither true nor untrue
4,Quite true
5,Completely TRUE
Q6_9,"When I decide to do something, I am able to make an effort easily."
1,Completely UNTRUE
2,Mostly untrue
3,Neither true nor untrue
4,Quite true
5,Completely TRUE
Q6_10,I don't like to laze around.
1,Completely UNTRUE
2,Mostly untrue
3,Neither true nor untrue
4,Quite true
5,Completely TRUE
Q6_11,"I get things done when they need to be done, without requiring reminders from others."
1,Completely UNTRUE
2,Mostly untrue
3,Neither true nor untrue
4,Quite true
5,Completely TRUE
Q6_12,"When I decide to do something, I am motivated to see it through to the end."
1,Completely UNTRUE
2,Mostly untrue
3,Neither true nor untrue
4,Quite true
5,Completely TRUE
Q6_13,I feel awful if I say something insensitive.
1,Completely UNTRUE
2,Mostly untrue
3,Neither true nor untrue
4,Quite true
5,Completely TRUE
Q6_14,I start conversations without being prompted.
1,Completely UNTRUE
2,Mostly untrue
3,Neither true nor untrue
4,Quite true
5,Completely TRUE
Q6_15,"When I have something I need to do, I do it straightaway so it is out of the way."
1,Completely UNTRUE
2,Mostly untrue
3,Neither true nor untrue
4,Quite true
5,Completely TRUE
Q6_16,I feel bad when I hear an acquaintance has an accident or illness.
1,Completely UNTRUE
2,Mostly untrue
3,Neither true nor untrue
4,Quite true
5,Completely TRUE
Q6_17,I enjoy choosing what to do from a range of activities.
1,Completely UNTRUE
2,Mostly untrue
3,Neither true nor untrue
4,Quite true
5,Completely TRUE
Q6_18,"If I realise I have been unpleasant to someone, I will feel terribly guilty afterwards."
1,Completely UNTRUE
2,Mostly untrue
3,Neither true nor untrue
4,Quite true
5,Completely TRUE
Q7,"These questions are about how you have been feeling lately. Please choose an answer from 1 (""Yes, that is true"") to 5 (""No, that is not true"") for each statement. The more you agree with the statement, the more you should choose an answer in the direction of “Yes, that is true.” The more you disagree with the statement, the more you should choose an answer in the direction of “No, that is not true.”"
Q7_1,I feel fit.
1,"1 - Yes, that is true"
2,2
3,3
4,4
5,"5 - No, that is not true"
Q7_2,Physically I feel only able to do a little.
1,"1 - Yes, that is true"
2,2
3,3
4,4
5,"5 - No, that is not true"
Q7_3,I feel very active.
1,"1 - Yes, that is true"
2,2
3,3
4,4
5,"5 - No, that is not true"
Q7_4,I feel like doing all sorts of nice things.
1,"1 - Yes, that is true"
2,2
3,3
4,4
5,"5 - No, that is not true"
Q7_5,I feel tired.
1,"1 - Yes, that is true"
2,2
3,3
4,4
5,"5 - No, that is not true"
Q7_6,I think I do a lot in a day.
1,"1 - Yes, that is true"
2,2
3,3
4,4
5,"5 - No, that is not true"
Q7_7,"When I am doing something, I can keep my thoughts on it."
1,"1 - Yes, that is true"
2,2
3,3
4,4
5,"5 - No, that is not true"
Q7_8,Physically I can take on a lot.
1,"1 - Yes, that is true"
2,2
3,3
4,4
5,"5 - No, that is not true"
Q7_9,I dread having to do things.
1,"1 - Yes, that is true"
2,2
3,3
4,4
5,"5 - No, that is not true"
Q7_10,I think I do very little in a day.
1,"1 - Yes, that is true"
2,2
3,3
4,4
5,"5 - No, that is not true"
Q7_11,I can concentrate well.
1,"1 - Yes, that is true"
2,2
3,3
4,4
5,"5 - No, that is not true"
Q7_12,I am rested.
1,"1 - Yes, that is true"
2,2
3,3
4,4
5,"5 - No, that is not true"
Q7_13,It takes a lot of effort to concentrate on things.
1,"1 - Yes, that is true"
2,2
3,3
4,4
5,"5 - No, that is not true"
Q7_14,Physically I feel I am in bad condition.
1,"1 - Yes, that is true"
2,2
3,3
4,4
5,"5 - No, that is not true"
Q7_15,I have a lot of plans.
1,"1 - Yes, that is true"
2,2
3,3
4,4
5,"5 - No, that is not true"
Q7_16,I tire easily.
1,"1 - Yes, that is true"
2,2
3,3
4,4
5,"5 - No, that is not true"
Q7_17,I get little done.
1,"1 - Yes, that is true"
2,2
3,3
4,4
5,"5 - No, that is not true"
Q7_18,I don’t feel like doing anything.
1,"1 - Yes, that is true"
2,2
3,3
4,4
5,"5 - No, that is not true"
Q7_19,My thoughts easily wander.
1,"1 - Yes, that is true"
2,2
3,3
4,4
5,"5 - No, that is not true"
Q7_20,Physically I feel I am in an excellent condition.
1,"1 - Yes, that is true"
2,2
3,3
4,4
5,"5 - No, that is not true"
Q8,This questionnaire is designed to measure your ability to experience pleasure in the last few days. it is important to read each statement very carefully. Tick one of the boxes to indicate how much you agree or disagree with each statement.
Q8_1,I would enjoy my favorite television or radio program
1,Strongly agree
2,Agree
3,Disagree
4,Strongly disagree
Q8_2,I would enjoy being with my family or close friends.
1,Strongly agree
2,Agree
3,Disagree
4,Strongly disagree
Q8_3,I would find pleasure in my hobbies and pastimes.
1,Strongly agree
2,Agree
3,Disagree
4,Strongly disagree
Q8_4,I would be able to enjoy my favourite meal.
1,Strongly agree
2,Agree
3,Disagree
4,Strongly disagree
Q8_5,I would enjoy a warm bath or refreshing shower.
1,Strongly agree
2,Agree
3,Disagree
4,Strongly disagree
Q8_6,I would find pleasure in the scent of flowers or the smell of a fresh sea breeze or freshly baked bread.
1,Strongly agree
2,Agree
3,Disagree
4,Strongly disagree
Q8_7,I would enjoy looking smart when I have made an effort with my appearance.
1,Strongly agree
2,Agree
3,Disagree
4,Strongly disagree
Q8_8,I would enjoy seeing other people's smiling faces.
1,Strongly agree
2,Agree
3,Disagree
4,Strongly disagree
Q8_9,"I would enjoy reading a book, magazine or newspaper"
1,Strongly agree
2,Agree
3,Disagree
4,Strongly disagree
Q8_10,I would enjoy a cup of tea or coffee or my favorite drink.
1,Strongly agree
2,Agree
3,Disagree
4,Strongly disagree
Q8_11,"I would find pleasure in small things, e.g. bright sunny day, a telephone call from a friend."
1,Strongly agree
2,Agree
3,Disagree
4,Strongly disagree
Q8_12,I would be able to enjoy a beautiful landscape or view.
1,Strongly agree
2,Agree
3,Disagree
4,Strongly disagree
Q8_13,I would get pleasure from helping others.
1,Strongly agree
2,Agree
3,Disagree
4,Strongly disagree
Q8_14,I would feel pleasure when I receive praise from other people.
1,Strongly agree
2,Agree
3,Disagree
4,Strongly disagree
Q9,"During the last 7 days, on how many days did you do vigorous physical activities like heavy lifting, digging, aerobics, or fast bicycling?"
1,0 days
2,1 day
3,2 days
4,3 days
5,4 days
6,5 days
7,6 days
8,7 days
Q10,How much time did you usually spend doing vigorous physical activities on one of those days (in hours and minutes)?
Q11,"During the last 7 days, on how many days did you do moderate physical activities like carrying light loads, bicycling at a regular pace, or doubles tennis? Do not include walking."
1,0 days
2,1 day
3,2 days
4,3 days
5,4 days
6,5 days
7,6 days
8,7 days
Q12,How much time did you usually spend doing moderate physical activities on one of those days (in hours and minutes)?
Q13,"During the last 7 days, on how many days did you walk for at least 10 minutes at a time?"
1,0 days
2,1 day
3,2 days
4,3 days
5,4 days
6,5 days
7,6 days
8,7 days
Q14,How much time did you usually spend walking on one of those days (in hours and minutes)?
Q15,"During the last 7 days, how much time did you spend sitting on a weekday (in hours and minutes)?"